Index,CrashID,Gender,Ages,County,Date,Day,Month,Time,PM/AM,Injured,Deaths,Latitude,Longitude,Weather,SpeedLimit,Cause,
1,903231859,M,['35-44Years' '45-54Years'],97,9/22/2018,SATURDAY,SEP,6:13,AM,0,1,39.635344,-86.126688,1,45,FAILURETOYIELDRIGHTOFWAY,
2,903227017,F,['65-74Years' '35-44Years'],97,9/14/2018,FRIDAY,SEP,12:53,PM,0,1,39.698496,-86.265184,1,45,FAILURETOYIELDRIGHTOFWAY,
3,903250987,F,['55-64Years' '15-24Years'],97,10/26/2018,FRIDAY,OCT,1:17,AM,0,1,39.754208,-86.101664,2,35,DISREGARDSIGNAL/REGSIGN,
4,903175662,M,['55-64Years' '35-44Years'],97,6/22/2018,FRIDAY,JUN,4:55,AM,1,1,39.70336,-86.082288,1,40,RANOFFROAD,
5,903234837,F,['25-34Years' '25-34Years'],97,10/4/2018,THURSDAY,OCT,9:41,PM,2,1,39.769264,-86.09728,1,35,FAILURETOYIELDRIGHTOFWAY,
6,903246498,M,['55-64Years' '45-54Years' '15-24Years'],97,10/18/2018,THURSDAY,OCT,12:39,AM,1,1,39.781648,-86.057376,1,30,FAILURETOYIELDRIGHTOFWAY,
7,903123446,F,['>=85Years' '55-64Years' '35-44Years'],97,3/24/2018,SATURDAY,MAR,12:45,PM,1,2,39.791824,-86.250768,4,40,DISREGARDSIGNAL/REGSIGN,
8,903202569,M,['55-64Years'  45-54Years' '35-44Years' '45-54Years' '55-64Years' '25-34Years'],97,7/27/2018,FRIDAY,JUL,5:27,PM,2,1,39.781456,-86.0832,1,35,IMPROPERPASSING,
9,903107382,F,['45-54Years'  25-34Years' '65-74Years' '55-64Years' '75-84Years' '>=85Years'],97,2/24/2018,SATURDAY,FEB,6:04,PM,1,1,39.912445,-86.15787,2,40,LEFTOFCENTER,
10,903228780,F,['25-34Years' '15-24Years'],97,9/19/2018,WEDNESDAY,SEP,12:30,AM,0,2,39.84148,-85.97225,1,50,UNSAFESPEED,
11,903207078,M,['55-64Years' '25-34Years'],97,8/18/2018,SATURDAY,AUG,2:14,PM,0,1,39.89672,-86.24098,1,40,UNSAFELANEMOVEMENT,
12,903285364,F,['15-24Years' '15-24Years'],57,12/21/2018,FRIDAY,DEC,10:39,PM,1,1,40.12798,-85.96312,2,50,RANOFFROAD,
13,903133221,M,['65-74Years' '35-44Years'],97,4/14/2018,SATURDAY,APR,6:12,PM,0,1,39.718048,-86.147808,2,40,FAILURETOYIELDRIGHTOFWAY,
14,903077272,F,['65-74Years' '45-54Years' '45-54Years' '35-44Years' '55-64Years'],97,1/3/2018,WEDNESDAY,JAN,2:43,PM,2,1,39.888752,-86.211584,4,35,LEFTOFCENTER,
15,903226709,M,['65-74Years' '25-34Years'],97,5/28/2018,MONDAY,MAY,8:48,AM,0,1,39.77167186,-86.04950236,1,40,UNSAFESPEED,
16,903108522,M,['5-14Years'  15-24Years' '55-64Years'],97,2/25/2018,SUNDAY,FEB,3:02,PM,1,2,39.73410153,-86.31009508,1,45,LEFTOFCENTER,
17,903141850,M,['25-34Years' '35-44Years' '35-44Years' '45-54Years'],97,3/9/2018,FRIDAY,MAR,4:12,PM,0,1,39.89007314,-86.206195,1,40,IMPROPERLANEUSAGE,
18,903211257,M,['25-34Years' '15-24Years' '15-24Years'],97,8/28/2018,TUESDAY,AUG,1:25,PM,1,1,39.81141453,-85.99554235,1,40,OVERCORRECTING/OVERSTEERING,
19,903179537,M,['15-24Years' '25-34Years' '15-24Years'],97,5/26/2018,SATURDAY,MAY,11:34,PM,2,2,39.71361861,-86.14871757,1,40,FAILURETOYIELDRIGHTOFWAY,
20,903253683,F,['35-44Years' '35-44Years' '35-44Years' '15-24Years'],97,10/26/2018,FRIDAY,OCT,11:03,AM,0,3,39.95101888,-86.03313999,3,30,OVERCORRECTING/OVERSTEERING,
21,903167163,M,['35-44Years' '15-24Years'],97,5/30/2018,WEDNESDAY,MAY,11:55,AM,0,1,39.7911226,-86.11648339,2,35,IMPROPERTURNING,
22,903202997,M,['45-54Years' '55-64Years'],97,8/10/2018,FRIDAY,AUG,4:05,PM,0,1,39.90456068,-86.04605278,1,55,DRIVERILLNESS,
23,903257655,M,['55-64Years' '45-54Years'],97,11/10/2018,SATURDAY,NOV,11:30,PM,1,1,39.80801149,-86.27525981,1,55,FOLLOWINGTOOCLOSELY,
24,903284578,M,['35-44Years' '25-34Years'],57,12/20/2018,THURSDAY,DEC,10:15,PM,0,1,39.94748896,-86.0145504,3,65,IMPROPERLANEUSAGE,
25,903189132,M,['25-34Years' '25-34Years' '15-24Years' '25-34Years'],97,7/21/2018,SATURDAY,JUL,11:34,PM,3,1,39.91721272,-86.0367104,1,55,UNSAFESPEED,
26,903264221,M,['35-44Years' '45-54Years'],97,11/19/2018,MONDAY,NOV,11:27,PM,0,1,39.80415707,-86.27517857,1,55,FOLLOWINGTOOCLOSELY,
27,903153959,F,['45-54Years' '65-74Years'],97,5/11/2018,FRIDAY,MAY,4:05,PM,0,1,39.70006366,-86.17047085,1,55,FOLLOWINGTOOCLOSELY,
28,903146310,M,['55-64Years' '65-74Years'],97,5/4/2018,FRIDAY,MAY,9:45,AM,0,1,39.700225,-86.25870979,1,55,UNSAFESPEED,
29,903076499,M,['45-54Years' '15-24Years'],57,1/4/2018,THURSDAY,JAN,5:40,AM,0,1,39.93028752,-86.1495996,2,55,WRONGWAYONONEWAY,
30,903195461,F,['45-54Years' '65-74Years'],97,7/11/2018,WEDNESDAY,JUL,5:20,AM,1,1,39.70608972,-86.28623247,1,55,UNSAFELANEMOVEMENT,
31,903246626,M,['25-34Years' '25-34Years'],97,10/24/2018,WEDNESDAY,OCT,1:37,PM,1,1,39.74995432,-86.23226485,1,50,UNSAFELANEMOVEMENT,
32,903149183,M,['25-34Years' '35-44Years'],97,5/12/2018,SATURDAY,MAY,5:57,AM,0,1,39.7025643,-86.1136213,1,55,ANIMAL/OBJECTINROADWAY,
33,903135487,F,['5-14Years' '55-64Years' '45-54Years' '25-34Years'],57,4/19/2018,THURSDAY,APR,9:07,AM,2,2,40.041824,-86.22167472,2,45,LEFTOFCENTER,
34,903239038,M,['35-44Years' '55-64Years' '45-54Years'],57,10/14/2018,SUNDAY,OCT,10:20,PM,1,2,40.0416869,-86.23577799,1,55,IMPROPERTURNING,
35,903077274,F,['25-34Years' '25-34Years' '25-34Years'],97,1/7/2018,SUNDAY,JAN,4:10,AM,1,1,39.77944,-86.270288,2,35,UNSAFESPEED,
36,903123453,F,['15-24Years' '15-24Years' '25-34Years'],97,3/22/2018,THURSDAY,MAR,6:58,AM,2,1,39.845136,-86.12192,1,40,OVERCORRECTING/OVERSTEERING,
37,903230338,M,['45-54Years' '55-64Years'],97,9/21/2018,FRIDAY,SEP,10:56,AM,1,1,39.68182676,-86.13272316,1,35,LEFTOFCENTER,
38,903299719,M,['35-44Years' '35-44Years'],97,12/22/2018,SATURDAY,DEC,9:28,PM,1,1,39.8989695,-86.12678988,1,30,RANOFFROAD,
39,903141430,M,['45-54Years' '45-54Years'],97,4/27/2018,FRIDAY,APR,9:50,PM,0,1,39.6866168,-86.2797711,1,55,FOLLOWINGTOOCLOSELY,
40,903278171,F,['65-74Years' '45-54Years'],97,12/4/2018,TUESDAY,DEC,12:30,PM,1,1,39.736768,-86.196208,1,45,DISREGARDSIGNAL/REGSIGN,
41,903218355,F,['25-34Years' '25-34Years' '35-44Years'],97,9/9/2018,SUNDAY,SEP,11:39,PM,2,1,39.6142395,-86.10222,3,40,UNSAFESPEED,
42,903286119,M,['65-74Years' '15-24Years' '65-74Years' '15-24Years'],97,12/9/2018,SUNDAY,DEC,5:01,PM,3,1,39.853136,-86.239696,1,40,OVERCORRECTING/OVERSTEERING,
43,903184016,F,['65-74Years' '45-54Years'],97,7/3/2018,TUESDAY,JUL,2:34,PM,0,1,39.764608,-86.260096,1,35,FOLLOWINGTOOCLOSELY,
44,903235674,M,['25-34Years' '25-34Years' '25-34Years'],97,9/29/2018,SATURDAY,SEP,6:52,PM,2,1,39.83995745,-86.09790603,1,45,LEFTOFCENTER,
45,903160957,M,['15-24Years' '55-64Years'],97,5/25/2018,FRIDAY,MAY,8:41,PM,1,1,39.832848,-86.08208,1,30,RANOFFROAD,
46,903173972,M,['1-4Years' '65-74Years'],97,6/22/2018,FRIDAY,JUN,7:31,PM,1,1,39.76844986,-86.30806509,2,35,RANOFFROAD,
47,903094402,F,['25-34Years' '25-34Years' '25-34Years' '35-44Years'],97,2/4/2018,SUNDAY,FEB,2:56,AM,2,2,39.84024,-86.03288,1,45,UNSAFESPEED,
48,903223708,F,['>=85Years' '55-64Years' '>=85Years'],97,9/14/2018,FRIDAY,SEP,11:49,AM,2,1,39.68132585,-86.26170115,1,35,RANOFFROAD,
49,903175664,F,['35-44Years' '35-44Years'],97,6/24/2018,SUNDAY,JUN,8:11,PM,1,1,39.812448,-86.219984,1,35,RANOFFROAD,
50,903260254,F,['75-84Years' '75-84Years'],57,11/12/2018,MONDAY,NOV,10:41,AM,0,2,39.94711179,-86.18408926,2,40,RANOFFROAD,
51,903194885,F,['25-34Years' '35-44Years'],57,8/2/2018,THURSDAY,AUG,2:39,AM,1,1,40.05669422,-85.88960077,1,50,RANOFFROAD,
52,903137052,M,['25-34Years' '25-34Years' '25-34Years' '5-14Years' '45-54Years' '35-44Years'],97,4/4/2018,WEDNESDAY,APR,7:14,PM,5,1,39.757855,-86.063755,1,35,UNSAFESPEED,
53,903108047,F,['45-54Years' '25-34Years'],57,2/25/2018,SUNDAY,FEB,8:44,PM,1,1,39.92688,-86.11922708,1,35,UNSAFESPEED,
54,903123266,M,['25-34Years' '65-74Years'],97,3/26/2018,MONDAY,MAR,10:47,AM,0,1,39.85008,-86.161584,2,30,FAILURETOYIELDRIGHTOFWAY,
55,903235421,M,['55-64Years' '35-44Years'],57,10/3/2018,WEDNESDAY,OCT,1:57,PM,0,1,40.00157653,-85.9363936,1,15,OTHER(DRIVER),EXPLAININNARRATIVE
56,903171144,F,['15-24Years' '25-34Years'],97,6/16/2018,SATURDAY,JUN,3:38,AM,1,1,39.858336,-86.174192,1,35,LEFTOFCENTER,
57,903180826,M,['35-44Years' '35-44Years' '35-44Years'],97,6/29/2018,FRIDAY,JUN,10:59,PM,2,1,39.797536,-86.18752,1,30,RANOFFROAD,
58,903260561,M,['65-74Years' '25-34Years'],97,11/1/2018,THURSDAY,NOV,1:45,PM,1,1,39.64944,-86.167792,2,25,DISREGARDSIGNAL/REGSIGN,
59,903251371,F,['15-24Years'],97,10/2/2018,TUESDAY,OCT,8:36,PM,0,1,39.844336,-86.010176,3,40,OTHER(DRIVER),EXPLAININNARRATIVE
60,903251349,M,['55-64Years'],97,10/18/2018,THURSDAY,OCT,10:26,PM,0,1,39.852544,-86.121984,1,35,PEDESTRIANACTION,
61,903115565,F,['>=85Years' '>=85Years'],97,3/8/2018,THURSDAY,MAR,10:03,AM,0,1,39.695248,-86.04448,1,35,DRIVERILLNESS,
62,903182742,M,['45-54Years'],97,7/6/2018,FRIDAY,JUL,6:04,AM,0,1,39.75373352,-86.16054991,1,40,RANOFFROAD,
63,903249691,M,['55-64Years'],97,10/12/2018,FRIDAY,OCT,4:52,AM,0,1,39.73901609,-86.29382016,1,40,PEDESTRIANACTION,
64,903255070,M,['15-24Years'],97,11/5/2018,MONDAY,NOV,6:49,PM,0,1,39.77434147,-85.9975619,3,40,PEDESTRIANACTION,
65,903118783,F,['15-24Years'],97,3/15/2018,THURSDAY,MAR,6:52,AM,0,1,39.74531281,-86.27343375,2,40,PEDESTRIANACTION,
66,903171174,M,['55-64Years'],97,6/13/2018,WEDNESDAY,JUN,9:48,PM,0,1,39.765359,-86.20344738,1,40,LEFTOFCENTER,
67,903274325,F,['65-74Years'],97,12/1/2018,SATURDAY,DEC,6:23,PM,0,1,39.820145,-85.99119995,3,40,PEDESTRIANACTION,
68,903100218,M,['55-64Years'],97,1/13/2018,SATURDAY,JAN,11:00,PM,0,1,39.70302926,-86.29017156,1,55,PEDESTRIANACTION,
69,903264480,M,['65-74Years'],97,11/3/2018,SATURDAY,NOV,2:02,AM,0,1,39.80752606,-86.27894409,1,45,UNSAFELANEMOVEMENT,
70,903241025,M,['15-24Years'],97,10/8/2018,MONDAY,OCT,9:41,PM,0,1,39.817248,-86.156624,1,25,PEDESTRIANACTION,
71,903209989,M,['55-64Years'],57,8/28/2018,TUESDAY,AUG,1:31,AM,0,1,40.04563526,-85.99435866,1,55,FAILURETOYIELDRIGHTOFWAY,
72,903190366,M,['35-44Years'],97,7/19/2018,THURSDAY,JUL,11:58,PM,0,1,39.825216,-86.124608,1,35,PEDESTRIANACTION,
73,903195751,M,['65-74Years'],97,7/26/2018,THURSDAY,JUL,11:30,AM,0,1,39.82424,-86.196992,2,45,DISREGARDSIGNAL/REGSIGN,
74,903160956,M,['45-54Years'],97,5/23/2018,WEDNESDAY,MAY,2:28,AM,0,1,39.825744,-86.075136,1,40,RANOFFROAD,
75,903282073,M,['35-44Years'],97,12/2/2018,SUNDAY,DEC,3:19,AM,0,1,39.825776,-86.07848,1,35,OVERCORRECTING/OVERSTEERING,
76,903105880,M,['15-24Years'],97,2/20/2018,TUESDAY,FEB,3:13,AM,0,1,39.78901689,-86.19517613,2,35,UNSAFESPEED,
77,903116817,M,['55-64Years'],97,3/15/2018,THURSDAY,MAR,7:03,AM,0,1,39.82824,-86.08368,1,40,PEDESTRIANACTION,
78,903142878,F,['25-34Years'],97,4/30/2018,MONDAY,APR,9:20,PM,0,1,39.81184745,-85.98612645,1,40,PEDESTRIANACTION,
79,903209563,M,['45-54Years'],97,8/23/2018,THURSDAY,AUG,9:06,PM,0,1,39.81832,-86.045616,1,45,FAILURETOYIELDRIGHTOFWAY,
80,903142474,M,['35-44Years'],97,4/25/2018,WEDNESDAY,APR,12:37,AM,0,1,39.80358622,-86.04551415,1,40,FOLLOWINGTOOCLOSELY,
81,903111782,M,['55-64Years'],97,2/24/2018,SATURDAY,FEB,3:17,AM,1,1,39.74993404,-86.09289429,3,45,OTHER(DRIVER),EXPLAININNARRATIVE
82,903088011,F,['35-44Years'],97,1/23/2018,TUESDAY,JAN,5:16,PM,0,1,39.66879274,-86.06348977,3,40,LEFTOFCENTER,
83,903204331,M,['45-54Years'],97,7/25/2018,WEDNESDAY,JUL,5:27,AM,0,1,39.798144,-86.06424,1,35,RANOFFROAD,
84,903210961,M,['65-74Years'],97,8/27/2018,MONDAY,AUG,3:31,AM,0,1,39.83805747,-86.26178944,1,40,PEDESTRIANACTION,
85,903168333,M,['15-24Years'],97,6/8/2018,FRIDAY,JUN,5:11,PM,0,1,39.70523705,-86.13944,1,40,IMPROPERLANEUSAGE,
86,903151643,M,['35-44Years'],97,5/12/2018,SATURDAY,MAY,2:46,AM,0,1,39.804096,-86.161312,1,35,RANOFFROAD,
87,903121770,F,['25-34Years'],97,3/14/2018,WEDNESDAY,MAR,10:12,PM,0,1,39.71470485,-86.25053553,1,40,PEDESTRIANACTION,
88,903285284,M,['45-54Years'],97,12/3/2018,MONDAY,DEC,7:08,PM,0,1,39.75104,-86.187216,1,45,PEDESTRIANACTION,
89,903070595,M,['55-64Years'],97,1/1/2018,MONDAY,JAN,6:00,AM,0,1,39.85864,-86.004784,1,30,RANOFFROAD,
90,903104450,F,['25-34Years'],97,1/13/2018,SATURDAY,JAN,11:00,PM,0,1,39.650144,-86.11613395,1,35,RANOFFROAD,
91,903209554,M,['25-34Years'],97,8/22/2018,WEDNESDAY,AUG,9:56,PM,0,1,39.69484653,-86.26946458,1,20,RANOFFROAD,
92,903249681,M,['25-34Years'],97,10/11/2018,THURSDAY,OCT,4:28,AM,0,1,39.79379724,-86.326688,1,35,OVERCORRECTING/OVERSTEERING,
93,903096629,M,['45-54Years'],97,2/7/2018,WEDNESDAY,FEB,12:35,PM,0,1,39.76886155,-86.30808364,2,40,RANOFFROAD,
94,903194487,M,['25-34Years'],97,7/2/2018,MONDAY,JUL,12:23,AM,0,1,39.69949849,-86.24106538,1,30,RANOFFROAD,
95,903174508,M,['45-54Years'],97,4/13/2018,FRIDAY,APR,1:53,AM,0,1,39.84104,-85.972176,1,45,RANOFFROAD,
96,903190367,M,['45-54Years'],97,7/22/2018,SUNDAY,JUL,7:26,AM,0,1,39.822448,-85.990784,nan,35,OTHER(DRIVER),EXPLAININNARRATIVE
97,903115564,F,['65-74Years'],57,2/27/2018,TUESDAY,FEB,4:30,AM,0,1,40.00230169,-86.10858815,1,10,RANOFFROAD,
98,903234709,F,['15-24Years'],97,10/3/2018,WEDNESDAY,OCT,9:51,PM,0,1,39.88543524,-86.20592564,1,40,PEDESTRIANACTION,
99,903262604,M,['45-54Years'],97,11/18/2018,SUNDAY,NOV,5:50,AM,0,1,39.90154928,-85.97277479,1,35,SPEEDTOOFASTFORWEATHERCONDITIONS,
100,903185473,M,['45-54Years'],97,7/15/2018,SUNDAY,JUL,7:57,PM,0,1,39.74623345,-86.06719968,1,30,RANOFFROAD,
101,903179477,F,['55-64Years'],57,6/30/2018,SATURDAY,JUN,9:45,AM,0,1,40.000274,-85.94232,2,35,OTHER(DRIVER),EXPLAININNARRATIVE
102,903285668,M,['15-24Years'],97,12/21/2018,FRIDAY,DEC,10:25,AM,0,1,39.83435,-85.98772,1,35,OTHER(DRIVER),EXPLAININNARRATIVE
103,903158610,M,['45-54Years'],97,5/26/2018,SATURDAY,MAY,10:21,PM,0,1,39.41490321,-86.20082,1,30,PEDESTRIANACTION,
104,903299700,M,['15-24Years'],97,10/21/2018,SUNDAY,OCT,8:58,PM,0,1,39.86368,-86.173904,1,35,RANOFFROAD,
105,903114917,F,['75-84Years'],97,3/8/2018,THURSDAY,MAR,3:50,PM,0,1,39.66222,-86.17771,1,5,OTHER(DRIVER),EXPLAININNARRATIVE
106,903187795,M,['25-34Years'],97,7/18/2018,WEDNESDAY,JUL,10:15,AM,0,1,39.69214127,-86.30748,2,30,RANOFFROAD,
107,902970581,F,['25-34Years' '55-64Years'],97,7/27/2017,THURSDAY,JUL,1:41,PM,0,1,39.84023,-86.113105,1,40,FAILURETOYIELDRIGHTOFWAY,
108,902939285,F,['45-54Years' '15-24Years'],97,5/31/2017,WEDNESDAY,MAY,4:40,PM,0,1,39.911344,-86.226896,1,40,UNSAFESPEED,
109,902907210,M,['15-24Years' '15-24Years' '15-24Years' '25-34Years' '15-24Years'],97,4/15/2017,SATURDAY,APR,11:24,PM,3,1,39.777264,-86.110736,1,30,FAILURETOYIELDRIGHTOFWAY,
110,902888887,M,['25-34Years' '55-64Years' '45-54Years'],97,3/13/2017,MONDAY,MAR,5:17,PM,0,1,39.826,-86.016464,4,35,FAILURETOYIELDRIGHTOFWAY,
111,902939871,M,['15-24Years' '45-54Years'],97,6/1/2017,THURSDAY,JUN,9:36,PM,0,1,39.84366,-86.24165,1,25,FAILURETOYIELDRIGHTOFWAY,
112,902946877,M,['25-34Years' '35-44Years'],97,6/14/2017,WEDNESDAY,JUN,11:27,AM,0,1,39.794048,-86.08328,1,35,DRIVERILLNESS,
113,902934692,M,['25-34Years' '55-64Years'],97,5/30/2017,TUESDAY,MAY,10:00,AM,0,1,39.807968,-86.187488,2,35,DISREGARDSIGNAL/REGSIGN,
114,902953508,F,['45-54Years' '15-24Years' '15-24Years'],97,6/23/2017,FRIDAY,JUN,3:02,PM,1,1,39.663552,-86.196352,2,45,DISREGARDSIGNAL/REGSIGN,
115,903045763,M,['35-44Years' '5-14Years' '45-54Years' '25-34Years'],97,11/24/2017,FRIDAY,NOV,7:06,PM,3,1,39.6523293,-86.15844052,1,45,FAILURETOYIELDRIGHTOFWAY,
116,903005504,M,['25-34Years' '45-54Years'],97,9/27/2017,WEDNESDAY,SEP,9:27,PM,0,1,39.77427368,-85.99889355,1,40,PEDESTRIANACTION,
117,902951524,M,['15-24Years' '35-44Years' '5-14Years' '5-14Years' '5-14Years' '5-14Years' '35-44Years' '5-14Years' '5-14Years'],97,6/14/2017,WEDNESDAY,JUN,10:38,PM,8,1,39.85254331,-86.2825368,3,40,LEFTOFCENTER,
118,902975334,M,['25-34Years' '55-64Years'],97,8/5/2017,SATURDAY,AUG,1:40,PM,0,1,39.81045817,-86.13833251,1,30,FAILURETOYIELDRIGHTOFWAY,
119,902899219,M,['25-34Years' '55-64Years' '25-34Years'],97,3/30/2017,THURSDAY,MAR,6:29,PM,2,1,39.86842266,-86.04558881,3,45,SPEEDTOOFASTFORWEATHERCONDITIONS,
120,903053957,F,['25-34Years' '35-44Years'],97,11/30/2017,THURSDAY,NOV,6:35,AM,0,2,39.84678496,-85.99143149,1,35,RANOFFROAD,
121,902907102,M,['25-34Years'],97,4/16/2017,SUNDAY,APR,6:47,PM,0,1,39.853536,-85.991376,1,45,DISREGARDSIGNAL/REGSIGN,
122,903007389,M,['45-54Years' '45-54Years' '55-64Years'],57,10/1/2017,SUNDAY,OCT,8:23,PM,1,1,40.077808,-86.090304,1,45,FAILURETOYIELDRIGHTOFWAY,
123,903015439,M,['35-44Years' '5-14Years' '65-74Years''25-34Years'],97,10/13/2017,FRIDAY,OCT,12:15,PM,0,1,39.90467691,-86.06961735,1,55,UNSAFESPEED,
124,903033133,M,['25-34Years' '35-44Years'],97,10/27/2017,FRIDAY,OCT,5:25,AM,1,1,39.69915674,-86.10691511,1,55,UNSAFESPEED,
125,902899503,F,['5-14Years' '35-44Years' '25-34Years'],97,4/1/2017,SATURDAY,APR,3:03,PM,1,1,39.8027287,-86.03246218,1,55,UNSAFELANEMOVEMENT,
126,903056600,M,['35-44Years' '15-24Years'],97,12/9/2017,SATURDAY,DEC,4:47,AM,0,1,39.72631013,-86.04685355,1,55,UNSAFELANEMOVEMENT,
127,902921533,M,['15-24Years' '15-24Years' '15-24Years' '15-24Years' '15-24Years'],97,4/18/2017,TUESDAY,APR,9:18,PM,3,2,39.75602631,-86.19187087,1,50,UNSAFESPEED,
128,902868031,M,['<1Year' '25-34Years' '35-44Years'],97,2/2/2017,THURSDAY,FEB,12:42,PM,2,1,39.840336,-86.071984,1,35,RANOFFROAD,
129,902928040,F,['45-54Years' '5-14Years' '25-34Years'],57,5/21/2017,SUNDAY,MAY,7:13,PM,2,1,40.000448,-86.089744,1,45,LEFTOFCENTER,
130,902852563,M,['25-34Years' '15-24Years'],97,1/5/2017,THURSDAY,JAN,3:49,AM,1,1,39.804048,-86.210736,4,30,SPEEDTOOFASTFORWEATHERCONDITIONS,
131,902956689,F,['75-84Years' '35-44Years' '15-24Years'],97,7/4/2017,TUESDAY,JUL,11:25,AM,2,1,39.785344,-85.99008,1,35,LEFTOFCENTER,
132,902864175,F,['45-54Years' '45-54Years'],97,1/20/2017,FRIDAY,JAN,9:00,AM,0,1,39.70334741,-86.1080803,1,45,DRIVERDISTRACTED,
133,902965076,M,['45-54Years' '45-54Years'],97,7/17/2017,MONDAY,JUL,2:09,PM,2,1,39.76321758,-86.21559481,2,40,OVERCORRECTING/OVERSTEERING,
134,902885597,M,['>=85Years' '35-44Years'],97,3/7/2017,TUESDAY,MAR,6:22,PM,1,1,39.759808,-86.226416,1,30,FAILURETOYIELDRIGHTOFWAY,
135,902916091,F,['75-84Years' '15-24Years'],97,4/28/2017,FRIDAY,APR,7:38,PM,1,1,39.853536,-85.991376,3,35,FAILURETOYIELDRIGHTOFWAY,
136,902877863,M,['65-74Years' '35-44Years'],97,2/13/2017,MONDAY,FEB,2:25,AM,0,1,39.92397885,-86.20774815,1,55,UNSAFESPEED,
137,902977424,F,['25-34Years' '15-24Years'],97,8/5/2017,SATURDAY,AUG,5:28,AM,0,2,39.70176013,-86.16331781,1,55,RANOFFROAD,
138,902950375,F,['55-64Years' '35-44Years' '35-44Years' '45-54Years' '35-44Years' '25-34Years'],97,6/19/2017,MONDAY,JUN,10:12,AM,4,1,39.71618178,-86.05332995,1,55,TIREFAILUREORDEFECTIVE,
139,902964730,M,['35-44Years'],97,7/18/2017,TUESDAY,JUL,7:20,PM,0,1,39.845584,-86.256208,1,35,FAILURETOYIELDRIGHTOFWAY,
140,902896431,F,['15-24Years' '15-24Years' '15-24Years' '65-74Years'],97,3/24/2017,FRIDAY,MAR,3:17,PM,3,1,39.8101,-86.16732,1,40,FAILURETOYIELDRIGHTOFWAY,
141,902893417,M,['35-44Years' '45-54Years'],97,3/17/2017,FRIDAY,MAR,12:52,PM,1,1,39.76386944,-86.30727253,1,45,FOLLOWINGTOOCLOSELY,
142,903015267,M,['65-74Years' '5-14Years' '5-14Years' '65-74Years' '55-64Years' '25-34Years'],97,10/7/2017,SATURDAY,OCT,5:17,PM,4,2,39.721072,-86.038688,2,40,FAILURETOYIELDRIGHTOFWAY,
143,902989553,M,['45-54Years' '45-54Years'],57,9/1/2017,FRIDAY,SEP,3:17,PM,0,1,40.15915813,-85.939536,2,55,LEFTOFCENTER,
144,902856002,F,['25-34Years' '15-24Years'],97,1/7/2017,SATURDAY,JAN,11:55,PM,0,1,39.78584,-86.168512,2,30,nan,
145,903009841,F,['25-34Years' '25-34Years'],97,10/1/2017,SUNDAY,OCT,2:43,AM,1,1,39.72324,-86.11592,1,35,RANOFFROAD,
146,902888947,M,['35-44Years' '25-34Years'],97,3/9/2017,THURSDAY,MAR,5:10,PM,1,1,39.833472,-86.211712,2,40,LEFTOFCENTER,
147,902958926,M,['35-44Years' '35-44Years'],97,7/8/2017,SATURDAY,JUL,11:33,PM,1,1,39.816565,-86.25601,1,40,LEFTOFCENTER,
148,903009123,M,['25-34Years' '15-24Years'],57,10/4/2017,WEDNESDAY,OCT,6:50,AM,1,1,40.12728743,-85.91172404,2,55,LEFTOFCENTER,
149,902938836,F,['25-34Years' '65-74Years'],97,6/7/2017,WEDNESDAY,JUN,6:33,AM,1,1,39.787408,-86.234784,1,35,LEFTOFCENTER,
150,902853983,M,['15-24Years' '35-44Years'],57,1/8/2017,SUNDAY,JAN,2:48,AM,1,1,39.926704,-86.094272,1,35,FAILURETOYIELDRIGHTOFWAY,
151,903015266,F,['25-34Years' '45-54Years'],97,9/28/2017,THURSDAY,SEP,2:30,PM,0,1,39.67180343,-86.14247771,1,10,OTHER(DRIVER),
152,902852562,F,['55-64Years' '15-24Years'],97,1/4/2017,WEDNESDAY,JAN,6:46,PM,0,1,39.727056,-86.049312,2,40,DISREGARDSIGNAL/REGSIGN,
153,902852561,M,['25-34Years' '25-34Years'],97,1/3/2017,TUESDAY,JAN,7:14,AM,2,1,39.786848,-86.119584,3,30,OVERCORRECTING/OVERSTEERING,
154,902948326,F,['15-24Years' '>=85Years'],97,6/21/2017,WEDNESDAY,JUN,12:34,PM,1,1,39.78184,-86.016176,2,40,FAILURETOYIELDRIGHTOFWAY,
155,902912231,M,['15-24Years' '15-24Years' '15-24Years'],97,4/22/2017,SATURDAY,APR,11:59,PM,2,1,39.81624,-86.255792,1,35,UNSAFESPEED,
156,902954056,M,['25-34Years' '55-64Years'],57,7/1/2017,SATURDAY,JUL,10:09,PM,0,1,40.14603573,-86.22325634,1,45,HEADLIGHTDEFECTIVEORNOTON,
157,902850870,M,['35-44Years'],97,1/1/2017,SUNDAY,JAN,12:02,AM,0,1,39.78824,-86.14488,2,35,PEDESTRIANACTION,
158,902914245,M,['35-44Years'],97,4/27/2017,THURSDAY,APR,3:46,AM,0,1,39.675344,-86.082288,2,40,PEDESTRIANACTION,
159,902872171,M,['35-44Years'],97,2/9/2017,THURSDAY,FEB,6:48,PM,0,1,39.82343987,-86.2703588,1,40,PEDESTRIANACTION,
160,902951083,F,['45-54Years'],97,6/24/2017,SATURDAY,JUN,10:25,PM,0,1,39.659689,-86.08093128,1,65,RANOFFROAD,
161,903088467,M,['25-34Years'],97,12/23/2017,SATURDAY,DEC,9:15,PM,0,1,39.69683291,-86.14887666,1,45,PEDESTRIANACTION,
162,902933961,M,['25-34Years'],97,5/29/2017,MONDAY,MAY,5:11,AM,0,1,39.768512,-86.109376,1,35,PEDESTRIANACTION,
163,902852581,F,['55-64Years'],97,1/4/2017,WEDNESDAY,JAN,6:50,PM,0,1,39.77324621,-86.0192999,1,45,PEDESTRIANACTION,
164,902923813,M,['25-34Years'],97,5/10/2017,WEDNESDAY,MAY,1:15,PM,1,1,39.78903753,-86.12927593,1,55,FOLLOWINGTOOCLOSELY,
165,902920272,M,['55-64Years'],97,4/30/2017,SUNDAY,APR,10:13,PM,0,1,39.80033765,-86.09421121,1,55,PEDESTRIANACTION,
166,902974734,M,['35-44Years'],97,8/7/2017,MONDAY,AUG,3:20,PM,0,1,39.75787281,-86.02912989,1,55,OTHER(DRIVER),
167,903062619,M,['25-34Years'],97,12/19/2017,TUESDAY,DEC,1:10,PM,0,1,39.82726358,-86.27563878,1,55,UNSAFELANEMOVEMENT,
168,902851697,F,['25-34Years'],97,1/3/2017,TUESDAY,JAN,6:29,PM,0,1,39.89424,-86.214192,3,45,PEDESTRIANACTION,
169,903065964,M,['35-44Years'],97,12/21/2017,THURSDAY,DEC,1:47,AM,0,1,39.69842419,-86.13944022,1,55,RANOFFROAD,
170,902971059,M,['35-44Years'],97,7/1/2017,SATURDAY,JUL,2:07,AM,4,1,39.76042251,-86.26502171,1,55,ANIMAL/OBJECTINROADWAY,
171,902972896,M,['35-44Years'],97,7/31/2017,MONDAY,JUL,5:21,AM,0,1,39.90281969,-86.0667194,1,55,UNSAFELANEMOVEMENT,
172,902964384,M,['45-54Years'],97,7/15/2017,SATURDAY,JUL,10:51,PM,0,1,39.826144,-86.002688,1,40,PEDESTRIANACTION,
173,902924059,M,['45-54Years'],97,5/13/2017,SATURDAY,MAY,9:45,PM,0,1,39.80064,-86.159008,1,35,PEDESTRIANACTION,
174,902925030,M,['45-54Years'],97,5/13/2017,SATURDAY,MAY,2:45,AM,0,1,39.810832,-86.08883607,1,35,IMPROPERLANEUSAGE,
175,902999829,M,['45-54Years'],97,9/16/2017,SATURDAY,SEP,1:29,PM,0,1,39.81104648,-86.02901435,1,35,RANOFFROAD,
176,903022034,M,['15-24Years'],97,10/16/2017,MONDAY,OCT,4:54,PM,0,1,39.69327107,-86.14871847,1,40,RANOFFROAD,
177,902939872,M,['25-34Years'],97,6/2/2017,FRIDAY,JUN,9:24,PM,0,1,39.6963453,-86.26730304,1,45,PEDESTRIANACTION,
178,902880444,F,['25-34Years'],97,2/26/2017,SUNDAY,FEB,8:09,PM,0,1,39.71961035,-86.22638734,1,40,PEDESTRIANACTION,
179,902884820,F,['15-24Years'],97,3/6/2017,MONDAY,MAR,7:10,AM,0,1,39.73204007,-86.20193398,2,45,OVERCORRECTING/OVERSTEERING,
180,902999156,F,['25-34Years'],97,9/18/2017,MONDAY,SEP,1:25,PM,0,1,39.77152,-86.175696,2,35,FAILURETOYIELDRIGHTOFWAY,
181,902992653,M,['15-24Years'],97,9/6/2017,WEDNESDAY,SEP,9:46,AM,0,1,39.75587181,-86.194245,2,40,PEDESTRIANACTION,
182,902970580,M,['35-44Years'],97,7/26/2017,WEDNESDAY,JUL,12:04,AM,0,1,39.876144,-86.035488,1,35,OVERCORRECTING/OVERSTEERING,
183,902976985,M,['35-44Years'],97,8/9/2017,WEDNESDAY,AUG,11:39,PM,0,1,39.853344,-86.199184,1,40,RANOFFROAD,
184,902997114,F,['15-24Years'],97,9/14/2017,THURSDAY,SEP,9:16,AM,0,1,39.89067,-86.058605,2,50,PEDESTRIANACTION,
185,902969093,M,['25-34Years'],97,7/27/2017,THURSDAY,JUL,6:33,AM,0,1,39.86864,-86.074288,2,30,DISREGARDSIGNAL/REGSIGN,
186,902903856,M,['15-24Years'],97,4/7/2017,FRIDAY,APR,8:06,PM,0,1,39.80122224,-86.30862129,1,20,OVERCORRECTING/OVERSTEERING,
187,902857839,F,['25-34Years'],97,1/13/2017,FRIDAY,JAN,7:02,PM,0,1,39.83224,-86.035376,1,45,PEDESTRIANACTION,
188,903057935,M,['35-44Years'],97,12/10/2017,SUNDAY,DEC,6:55,PM,0,1,39.86766221,-86.18835637,1,30,RANOFFROAD,
189,902907990,M,['25-34Years'],57,4/18/2017,TUESDAY,APR,3:00,PM,0,1,40.13338364,-85.8839349,1,50,UNSAFESPEED,
190,902973297,F,['55-64Years'],97,7/31/2017,MONDAY,JUL,4:55,PM,0,1,39.72092,-86.23372,1,25,RANOFFROAD,
191,902995599,M,['15-24Years'],97,9/9/2017,SATURDAY,SEP,9:05,PM,0,1,39.83067,-86.26542,1,30,OTHER(DRIVER),
192,902858730,F,['25-34Years'],97,1/1/2017,SUNDAY,JAN,8:00,AM,0,1,39.82038483,-86.04318112,1,20,PEDESTRIANACTION,
193,903009662,M,['45-54Years'],97,10/3/2017,TUESDAY,OCT,7:48,PM,0,1,39.844832,-86.211648,1,40,FAILURETOYIELDRIGHTOFWAY,
194,903044621,M,['45-54Years'],97,11/20/2017,MONDAY,NOV,6:41,PM,0,1,39.85932993,-86.27037,1,40,PEDESTRIANACTION,
195,902884279,M,['15-24Years'],97,3/3/2017,FRIDAY,MAR,11:46,PM,0,1,39.66044132,-86.29961049,1,30,RANOFFROAD,
196,902873498,M,['45-54Years'],97,2/11/2017,SATURDAY,FEB,5:08,PM,0,1,39.77993635,-86.04042477,1,30,RANOFFROAD,
197,903019661,M,['35-44Years'],97,9/30/2017,SATURDAY,SEP,4:50,PM,0,1,39.8006,-86.12908,1,10,OTHER(DRIVER),
198,902867275,M,['55-64Years'],97,1/22/2017,SUNDAY,JAN,3:11,PM,0,1,39.862256,-86.163888,1,35,OVERCORRECTING/OVERSTEERING,
199,903099553,F,['45-54Years'],97,12/31/2017,SUNDAY,DEC,8:23,PM,0,1,39.66088554,-86.08554623,2,20,RANOFFROAD,
200,902681113,F,['35-44Years' '75-84Years'],97,2016.03.31,THURSDAY,MAR,7:42,PM,0,1,39.779536,-86.264288,2,40,FAILURETOYIELDRIGHTOFWAY,
201,902758554,M,['25-34Years' '45-54Years'],97,2016.08.09,TUESDAY,AUG,8:16,PM,0,1,39.825792,-86.080176,1,30,UNSAFESPEED,
202,902722234,M,['65-74Years' '25-34Years'],97,2016.06.10,FRIDAY,JUN,5:39,PM,0,1,39.825424,-86.092448,1,35,UNSAFELANEMOVEMENT,
203,902674386,M,['55-64Years' '25-34Years'],97,2016.03.21,MONDAY,MAR,8:58,PM,0,1,39.826144,-86.002688,1,35,FAILURETOYIELDRIGHTOFWAY,
204,902821898,M,['35-44Years' '55-64Years'],97,2016.11.18,FRIDAY,NOV,6:12,PM,0,1,39.73932981,-86.04952991,2,40,DISREGARDSIGNAL/REGSIGN,
205,902788598,F,['45-54Years' '45-54Years' '25-34Years' '15-24Years' '45-54Years'],97,2016.09.30,FRIDAY,SEP,11:49,PM,3,2,39.802144,-86.121584,2,35,IMPROPERLANEUSAGE,
206,902659937,M,['45-54Years' '55-64Years'],97,2016.02.23,TUESDAY,FEB,7:01,PM,1,1,39.89038981,-86.15781001,2,45,FAILURETOYIELDRIGHTOFWAY,
207,902787307,M,['35-44Years' '35-44Years' '35-44Years'],97,2016.09.25,SUNDAY,SEP,2:15,AM,2,1,39.764464,-86.266912,1,40,FAILURETOYIELDRIGHTOFWAY,
208,902685845,F,['15-24Years' '35-44Years' '25-34Years' '25-34Years' '15-24Years'],97,2016.03.26,SATURDAY,MAR,3:44,AM,3,2,39.828448,-86.043168,1,45,DISREGARDSIGNAL/REGSIGN,
209,902674617,M,['25-34Years' '15-24Years' '45-54Years'],97,2016.03.22,TUESDAY,MAR,10:13,PM,1,1,39.749734,-86.240259,2,35,DISREGARDSIGNAL/REGSIGN,
210,902687104,M,['25-34Years' '45-54Years' '1-4Years' '15-24Years'],57,2016.04.15,FRIDAY,APR,8:53,AM,2,1,40.085456,-86.222384,1,50,FAILURETOYIELDRIGHTOFWAY,
211,902692742,M,['45-54Years' '45-54Years' '>=85Years'],97,2016.04.23,SATURDAY,APR,8:40,AM,1,1,39.896944,-86.215584,2,45,DRIVERILLNESS,
212,902710275,M,['25-34Years' '45-54Years' '25-34Years' '25-34Years'],97,2016.05.19,THURSDAY,MAY,7:23,PM,1,1,39.75471027,-86.10195033,1,35,DISREGARDSIGNAL/REGSIGN,
213,902648133,M,['25-34Years' '15-24Years' '15-24Years' '25-34Years'],97,2016.02.03,WEDNESDAY,FEB,5:37,AM,0,1,39.771904,-86.10088,1,30,OVERCORRECTING/OVERSTEERING,
214,902698197,M,['15-24Years' '15-24Years' '15-24Years' '15-24Years'],97,2016.04.30,SATURDAY,APR,2:30,AM,3,1,39.86061998,-86.23461976,1,35,RANOFFROAD,
215,902666292,M,['15-24Years' '15-24Years'],97,2016.03.04,FRIDAY,MAR,9:03,PM,1,1,39.91972983,-86.15379005,2,35,UNSAFESPEED,
216,902670459,M,['35-44Years' '35-44Years'],97,2016.03.11,FRIDAY,MAR,3:28,AM,1,1,39.71353531,-86.1377182,nan,30,OVERCORRECTING/OVERSTEERING,
217,902693349,M,['45-54Years' '75-84Years'],97,2016.04.15,FRIDAY,APR,4:34,PM,1,1,39.747824,-86.15154171,1,30,OVERCORRECTING/OVERSTEERING,
218,902689824,M,['35-44Years' '55-64Years'],97,2016.04.18,MONDAY,APR,7:23,PM,0,1,39.82399978,-86.2298803,1,40,UNSAFELANEMOVEMENT,
219,902785718,M,['35-44Years' '15-24Years'],97,2016.09.19,MONDAY,SEP,5:40,PM,0,1,39.69225526,-86.19504463,1,35,IMPROPERTURNING,
220,902709701,M,['45-54Years'],97,2016.05.20,FRIDAY,MAY,11:57,PM,0,1,39.83242002,-86.06480693,3,35,PEDESTRIANACTION,
221,902666299,M,['25-34Years' '45-54Years'],97,2016.03.05,SATURDAY,MAR,3:07,AM,0,1,39.71342254,-86.139232,2,40,LEFTOFCENTER,
222,902636157,F,['35-44Years'],57,2016.01.23,SATURDAY,JAN,1:45,AM,0,1,39.97609938,-86.04219004,2,40,UNSAFESPEED,
223,902772889,M,['55-64Years' '35-44Years'],57,2016.08.30,TUESDAY,AUG,11:00,PM,0,1,39.97158813,-86.00357055,2,55,PEDESTRIANACTION,
224,902682393,M,['55-64Years' '35-44Years'],57,2016.04.07,THURSDAY,APR,2:07,PM,0,1,40.09961748,-86.12824222,2,60,FOLLOWINGTOOCLOSELY,
225,902774700,M,['55-64Years' '15-24Years' '25-34Years'],97,2016.09.06,TUESDAY,SEP,3:27,PM,2,1,39.76623888,-86.14284089,1,50,FOLLOWINGTOOCLOSELY,
226,902672965,F,['25-34Years' '35-44Years'],97,2016.03.19,SATURDAY,MAR,11:30,PM,0,1,39.75175425,-86.264451,1,55,FOLLOWINGTOOCLOSELY,
227,902818754,M,['15-24Years' '55-64Years'],97,2016.11.14,MONDAY,NOV,5:17,AM,0,1,39.87562438,-86.28688057,1,65,UNSAFELANEMOVEMENT,
228,902729775,F,['35-44Years' '55-64Years' '35-44Years' '55-64Years'],97,2016.06.22,WEDNESDAY,JUN,1:29,PM,2,1,39.71167847,-86.27214572,2,65,WRONGWAYONONEWAY,
229,902777507,M,['15-24Years' '15-24Years' '45-54Years' '35-44Years' '15-24Years' '15-24Years' '15-24Years'],97,2016.09.08,THURSDAY,SEP,4:51,AM,3,1,39.92102031,-86.03392205,1,55,UNSAFESPEED,
230,902702366,F,['25-34Years' '25-34Years'],97,2016.05.10,TUESDAY,MAY,2:22,AM,1,1,39.849248,-86.121984,2,45,RANOFFROAD,
231,902867561,F,['75-84Years' '55-64Years'],97,2016.12.16,FRIDAY,DEC,10:59,PM,0,1,39.70431575,-86.10834387,3,55,SPEEDTOOFASTFORWEATHERCONDITIONS,
232,902814972,M,['55-64Years' '55-64Years' '15-24Years'],97,2016.11.10,THURSDAY,NOV,1:20,AM,1,1,39.79898316,-86.16567489,1,55,WRONGWAYONONEWAY,
233,902643867,M,['55-64Years'],57,2016.01.31,SUNDAY,JAN,9:05,AM,0,1,40.13258549,-85.93061356,1,55,RANOFFROAD,
234,902671529,F,['65-74Years' '>=85Years'],57,2016.03.16,WEDNESDAY,MAR,1:05,PM,1,1,40.05844879,-86.0065689,2,55,OTHER(DRIVER),
235,902815168,F,['45-54Years' '65-74Years'],57,2016.11.12,SATURDAY,NOV,7:58,AM,1,1,40.043104,-86.089936,1,40,DISREGARDSIGNAL/REGSIGN,
236,902746141,F,['65-74Years' '35-44Years'],57,2016.07.16,SATURDAY,JUL,5:30,AM,0,1,39.978832,-86.004128,1,55,PEDESTRIANACTION,
237,902667044,M,['5-14Years' '1-4Years' '1-4Years' '15-24Years' '1-4Years' '15-24Years' '45-54Years'],97,2016.03.08,TUESDAY,MAR,9:30,PM,4,2,39.848032,-86.002592,1,45,LEFTOFCENTER,
238,902818678,M,['>=85Years' '>=85Years' '45-54Years'],97,2016.11.14,MONDAY,NOV,1:45,PM,0,2,39.853536,-85.991376,1,45,FAILURETOYIELDRIGHTOFWAY,
239,902797485,M,['15-24Years' '15-24Years' '55-64Years'],97,2016.10.12,WEDNESDAY,OCT,10:44,PM,2,1,39.77968,-86.256896,1,40,FAILURETOYIELDRIGHTOFWAY,
240,902809762,F,['35-44Years' '15-24Years'],97,2016.10.31,MONDAY,OCT,4:51,PM,0,1,39.776496,-86.199456,1,30,DISREGARDSIGNAL/REGSIGN,
241,902678367,M,['75-84Years' '15-24Years'],97,2016.03.30,WEDNESDAY,MAR,7:11,AM,1,1,39.648736,-86.121424,2,45,LEFTOFCENTER,
242,902819395,M,['35-44Years' '35-44Years' '25-34Years' '25-34Years'],97,2016.11.03,THURSDAY,NOV,1:05,AM,0,2,39.78894735,-86.159184,2,35,RANOFFROAD,
243,902688605,M,['15-24Years' '15-24Years'],97,2016.03.30,WEDNESDAY,MAR,11:16,PM,1,1,39.80421619,-86.10245665,3,35,RANOFFROAD,
244,902797487,F,['55-64Years' '15-24Years'],97,2016.10.17,MONDAY,OCT,5:57,AM,1,1,39.85223782,-86.31503793,1,35,LEFTOFCENTER,
245,902675043,M,['45-54Years' '15-24Years' '15-24Years' '55-64Years'],97,2016.03.21,MONDAY,MAR,8:49,PM,2,2,39.756736,-86.0088,1,35,LEFTOFCENTER,
246,902816335,M,['25-34Years' '25-34Years' '<1Year' '15-24Years'],97,2016.11.12,SATURDAY,NOV,10:04,PM,3,1,39.771696,-86.112976,1,35,FAILURETOYIELDRIGHTOFWAY,
247,902628755,F,['55-64Years' '55-64Years' '45-54Years'],97,2016.01.01,FRIDAY,JAN,2:28,AM,2,1,39.71837095,-86.1486846,2,35,OVERCORRECTING/OVERSTEERING,
248,902702358,F,['25-34Years' '35-44Years'],97,2016.05.07,SATURDAY,MAY,12:17,AM,1,1,39.71963471,-86.14895549,1,10,OVERCORRECTING/OVERSTEERING,
249,902809181,M,['55-64Years' '65-74Years'],97,2016.11.02,WEDNESDAY,NOV,8:35,AM,0,1,39.693456,-86.131584,1,35,DISREGARDSIGNAL/REGSIGN,
250,902628679,M,['15-24Years' '25-34Years'],97,2016.01.18,MONDAY,JAN,5:37,AM,1,1,39.83816,-86.256384,1,35,LEFTOFCENTER,
251,902737371,M,['65-74Years' '45-54Years'],97,2016.07.03,SUNDAY,JUL,12:56,PM,1,1,39.79403012,-86.25619728,3,45,OVERCORRECTING/OVERSTEERING,
252,902818792,M,['65-74Years' '65-74Years'],57,2016.11.14,MONDAY,NOV,11:20,AM,0,2,39.92686987,-86.11925996,1,35,RANOFFROAD,
253,902662626,M,['35-44Years' '25-34Years' '25-34Years' '55-64Years'],97,2016.02.26,FRIDAY,FEB,12:11,AM,3,1,39.80974091,-86.28557972,1,35,LEFTOFCENTER,
254,902675780,M,['45-54Years' '15-24Years'],57,2016.03.25,FRIDAY,MAR,9:10,PM,0,1,40.01163974,-85.96315003,1,45,FAILURETOYIELDRIGHTOFWAY,
255,902729797,M,['65-74Years'],57,2016.06.23,THURSDAY,JUN,9:36,AM,2,1,40.2181516,-85.88973236,2,55,OTHER(DRIVER),
256,902676218,M,['35-44Years'],97,2016.03.27,SUNDAY,MAR,2:11,AM,0,1,39.74915675,-86.14302702,1,50,UNSAFESPEED,
257,902844139,M,['45-54Years'],97,2016.12.16,FRIDAY,DEC,11:30,AM,0,1,39.79930653,-86.02836624,5,55,ROADWAYSURFACECONDITION,
258,902833382,M,['35-44Years'],97,2016.12.01,THURSDAY,DEC,5:20,PM,0,1,39.760576,-86.223888,1,35,UNSAFEBACKING,
259,902770860,M,['25-34Years'],97,2016.09.03,SATURDAY,SEP,5:55,AM,0,1,39.80649773,-86.05777484,1,55,RANOFFROAD,
260,902827125,M,['35-44Years'],97,2016.11.24,THURSDAY,NOV,5:15,AM,0,1,39.71071592,-86.27924471,3,55,OVERCORRECTING/OVERSTEERING,
261,902827151,M,['25-34Years'],97,2016.11.29,TUESDAY,NOV,6:33,PM,1,1,39.88099291,-86.26892745,1,55,UNSAFELANEMOVEMENT,
262,902799553,M,['65-74Years'],97,2016.10.19,WEDNESDAY,OCT,10:40,AM,0,1,39.69130705,-85.98605587,1,65,UNSAFELANEMOVEMENT,
263,902806640,F,['55-64Years'],97,2016.10.29,SATURDAY,OCT,9:07,PM,0,1,39.85898986,-86.2692397,1,45,OTHER(DRIVER),
264,902663128,F,['25-34Years'],97,2016.02.25,THURSDAY,FEB,9:34,PM,0,1,39.787936,-86.201968,2,35,PEDESTRIANACTION,
265,902756666,F,['15-24Years'],97,2016.08.04,THURSDAY,AUG,7:57,PM,0,1,39.78932693,-86.01451688,1,35,RANOFFROAD,
266,902769338,M,['25-34Years' '25-34Years'],97,2016.09.01,THURSDAY,SEP,3:00,AM,0,1,39.87927851,-85.95032314,1,55,UNSAFESPEED,
267,902620554,M,['15-24Years'],97,2016.01.11,MONDAY,JAN,5:55,PM,0,1,39.841936,-86.015088,2,40,UNSAFESPEED,
268,902762728,M,['15-24Years'],97,2016.08.19,FRIDAY,AUG,6:56,PM,0,1,39.74102804,-86.14992,2,30,FOLLOWINGTOOCLOSELY,
269,902678164,F,['25-34Years'],97,2016.03.13,SUNDAY,MAR,10:39,PM,0,1,39.796544,-86.0255044,1,35,PEDESTRIANACTION,
270,902811752,M,['35-44Years'],97,2016.11.06,SUNDAY,NOV,1:12,AM,0,1,39.73527186,-86.10191009,1,35,RANOFFROAD,
271,902813324,M,['15-24Years'],97,2016.11.06,SUNDAY,NOV,9:50,PM,0,1,39.72452545,-86.04405975,1,40,RANOFFROAD,
272,902747262,M,['35-44Years'],97,2016.07.25,MONDAY,JUL,9:50,AM,0,1,39.860448,-86.241088,1,40,FAILURETOYIELDRIGHTOFWAY,
273,902822428,M,['45-54Years'],97,2016.11.17,THURSDAY,NOV,8:15,PM,0,1,39.74935548,-86.29548715,1,40,PEDESTRIANACTION,
274,902825542,M,['25-34Years'],97,2016.11.23,WEDNESDAY,NOV,6:35,AM,0,1,39.749536,-86.238288,3,35,PEDESTRIANACTION,
275,902755320,M,['15-24Years'],97,2016.08.05,FRIDAY,AUG,6:01,AM,0,1,39.891136,-86.24696,2,40,PEDESTRIANACTION,
276,902698137,M,['15-24Years'],97,2016.05.04,WEDNESDAY,MAY,1:50,AM,0,1,39.88239013,-86.23470023,1,35,RANOFFROAD,
277,902846681,M,['15-24Years'],97,2016.12.23,FRIDAY,DEC,11:46,PM,0,1,39.88321601,-86.07744531,3,35,OVERCORRECTING/OVERSTEERING,
278,902734850,M,['25-34Years'],97,2016.06.25,SATURDAY,JUN,4:42,AM,0,1,39.89768,-86.11304,1,30,RANOFFROAD,
279,902803020,M,['55-64Years'],97,2016.10.23,SUNDAY,OCT,3:05,PM,0,1,39.89768,-86.11304,1,40,VIEWOBSTRUCTED,
280,902816684,M,['35-44Years'],57,2016.11.05,SATURDAY,NOV,9:05,PM,0,1,39.95921253,-85.91852575,1,40,PEDESTRIANACTION,
281,902672120,M,['35-44Years'],57,2016.03.17,THURSDAY,MAR,10:34,PM,0,1,39.92695064,-86.12661988,1,35,UNSAFELANEMOVEMENT,
282,902785075,M,['25-34Years'],97,2016.09.25,SUNDAY,SEP,2:53,AM,0,1,39.75539903,-86.05264901,2,40,RANOFFROAD,
283,902743873,M,['45-54Years'],97,2016.07.19,TUESDAY,JUL,1:18,AM,0,1,39.74066561,-86.22504832,2,40,PEDESTRIANACTION,
284,902806831,M,['25-34Years'],97,2016.10.23,SUNDAY,OCT,3:23,AM,1,2,39.808096,-86.172768,1,40,OVERCORRECTING/OVERSTEERING,
285,902835462,M,['55-64Years'],57,2016.12.11,SUNDAY,DEC,2:07,AM,0,1,40.00958274,-86.20282699,4,45,RANOFFROAD,
286,902787765,M,['25-34Years'],57,2016.09.30,FRIDAY,SEP,10:33,PM,0,1,40.218688,-85.900528,2,55,RANOFFROAD,
287,902802858,M,['25-34Years'],97,2016.10.22,SATURDAY,OCT,12:24,AM,0,1,39.64485334,-86.00666766,1,40,RANOFFROAD,
288,902739746,M,['25-34Years'],97,2016.07.14,THURSDAY,JUL,6:18,AM,0,1,39.74317007,-86.25022016,2,35,FAILURETOYIELDRIGHTOFWAY,
289,902768628,M,['35-44Years'],97,2016.08.24,WEDNESDAY,AUG,9:45,PM,0,1,39.91784,-86.117088,2,10,RANOFFROAD,
290,902526200,M,['45-54Years' '45-54Years'],97,2015.07.30,THURSDAY,JUL,6:45,AM,0,1,39.828336,-86.121696,1,35,FAILURETOYIELDRIGHTOFWAY,
291,902589739,M,['15-24Years' '25-34Years'],97,2015.12.11,FRIDAY,DEC,8:38,AM,0,1,39.787856,-86.209392,2,35,FAILURETOYIELDRIGHTOFWAY,
292,902537055,M,['45-54Years' '5-14Years' '5-14Years' '5-14Years' '5-14Years' '5-14Years' '75-84Years'],97,2015.10.06,TUESDAY,OCT,7:38,AM,1,4,39.747952,-86.264528,2,45,DISREGARDSIGNAL/REGSIGN,
293,902649925,M,['35-44Years' '15-24Years' '25-34Years' '15-24Years'],97,2015.12.25,FRIDAY,DEC,1:30,AM,3,2,39.82881032,-86.23993992,1,40,LEFTOFCENTER,
294,902658361,F,['35-44Years' '1-4Years' '35-44Years' '65-74Years'],97,2015.12.09,WEDNESDAY,DEC,1:30,PM,3,1,39.771952,-86.098528,1,35,FAILURETOYIELDRIGHTOFWAY,
295,902455625,M,['25-34Years' '25-34Years' '25-34Years'],97,2015.05.28,THURSDAY,MAY,1:13,PM,1,1,39.795248,-86.215792,1,30,DISREGARDSIGNAL/REGSIGN,
296,902580518,M,['15-24Years' '15-24Years' '15-24Years'],97,2015.11.24,TUESDAY,NOV,10:39,PM,2,1,39.75208,-86.224992,1,40,UNSAFESPEED,
297,902461598,F,['25-34Years' '35-44Years' '55-64Years' '5-14Years' '15-24Years'],97,2015.06.08,MONDAY,JUN,8:19,AM,3,1,39.752128,-86.130304,1,30,DISREGARDSIGNAL/REGSIGN,
298,902445716,M,['45-54Years' '55-64Years' '45-54Years'],97,2015.05.14,THURSDAY,MAY,6:30,PM,1,1,39.84104,-85.972176,1,40,FAILURETOYIELDRIGHTOFWAY,
299,902410445,F,['35-44Years' '45-54Years' '65-74Years' '15-24Years'],97,2015.03.07,SATURDAY,MAR,5:55,PM,2,1,39.8162234,-86.2701596,1,35,DISREGARDSIGNAL/REGSIGN,
300,902514796,F,['25-34Years'],97,2015.08.22,SATURDAY,AUG,2:33,AM,0,1,39.823744,-86.234784,1,10,PEDESTRIANACTION,
301,902454634,F,['35-44Years'],97,2015.05.12,TUESDAY,MAY,8:17,AM,0,1,39.69336,-86.136496,2,35,OTHER(DRIVER),
302,902468584,M,['15-24Years' '35-44Years' '45-54Years' '5-14Years'],97,2015.06.19,FRIDAY,JUN,6:31,PM,1,1,39.800528,-86.009392,2,35,DISREGARDSIGNAL/REGSIGN,
303,902540033,M,['35-44Years' '25-34Years' '35-44Years'],97,2015.10.09,FRIDAY,OCT,11:00,PM,1,1,39.895936,-86.259856,1,40,DISREGARDSIGNAL/REGSIGN,
304,902543932,F,['15-24Years' '55-64Years' '55-64Years'],97,2015.10.19,MONDAY,OCT,3:29,PM,1,1,39.773632,-86.143744,1,30,DISREGARDSIGNAL/REGSIGN,
305,902435648,M,['15-24Years' '55-64Years'],97,2015.04.21,TUESDAY,APR,6:10,AM,0,1,39.834448,-86.04568,1,40,FOLLOWINGTOOCLOSELY,
306,902472436,F,['15-24Years' '35-44Years'],97,2015.06.26,FRIDAY,JUN,2:29,AM,1,1,39.76714897,-86.16915,1,35,OTHER(DRIVER),
307,902453281,M,['15-24Years'],97,2015.05.25,MONDAY,MAY,10:23,PM,0,1,39.63813494,-86.08263976,1,40,PEDESTRIANACTION,
308,902533475,M,['35-44Years'],97,2015.09.24,THURSDAY,SEP,11:49,PM,0,1,39.66557163,-86.08789611,1,40,PEDESTRIANACTION,
309,902463898,M,['55-64Years'],97,2015.06.08,MONDAY,JUN,5:14,AM,0,1,39.69353981,-86.13929251,3,40,PEDESTRIANACTION,
310,902613743,M,['15-24Years' '15-24Years' '55-64Years' '15-24Years' '5-14Years' '45-54Years' '5-14Years' '15-24Years'],97,2015.12.23,WEDNESDAY,DEC,11:46,PM,4,3,39.59420454,-86.1489175,3,40,SPEEDTOOFASTFORWEATHERCONDITIONS,
311,902546865,F,['35-44Years' '25-34Years'],97,2015.10.21,WEDNESDAY,OCT,6:36,PM,1,1,39.84390054,-86.03546977,1,40,LEFTOFCENTER,
312,902522008,M,['25-34Years'],97,2015.09.10,THURSDAY,SEP,4:44,AM,0,1,39.80544023,-86.09448323,1,40,RANOFFROAD,
313,902537968,M,['25-34Years' '25-34Years'],97,2015.10.02,FRIDAY,OCT,3:04,AM,0,2,39.84088511,-86.06486184,1,35,UNSAFESPEED,
314,902453137,M,['15-24Years' '1-4Years' '25-34Years'],97,2015.05.22,FRIDAY,MAY,11:58,PM,1,1,39.7905574,-86.00930905,1,40,UNSAFELANEMOVEMENT,
315,902502965,F,['25-34Years'],97,2015.08.13,THURSDAY,AUG,6:24,PM,0,1,39.7841418,-86.21346031,1,35,OTHER(DRIVER),
316,902587994,M,['25-34Years' '15-24Years'],97,2015.11.22,SUNDAY,NOV,9:08,PM,0,1,39.82233816,-85.990784,1,35,PEDESTRIANACTION,
317,902382284,F,['25-34Years' '35-44Years' '5-14Years' '25-34Years' '25-34Years' '25-34Years'],97,2015.01.25,SUNDAY,JAN,7:54,PM,2,1,39.89378832,-86.12177749,4,35,OVERCORRECTING/OVERSTEERING,
318,902590994,F,['35-44Years' '35-44Years'],97,2015.04.21,TUESDAY,APR,10:30,PM,0,1,39.77595089,-85.99833665,2,30,RANOFFROAD,
319,902517036,F,['15-24Years' '35-44Years'],97,2015.09.04,FRIDAY,SEP,7:00,PM,0,1,39.8216102,-86.20107166,2,35,UNSAFESPEED,
320,902469119,M,['25-34Years' '55-64Years'],97,2015.06.20,SATURDAY,JUN,10:54,PM,0,1,39.85744,-86.182288,2,40,OTHER(DRIVER),
321,902437956,F,['65-74Years' '55-64Years' '55-64Years'],97,2015.04.30,THURSDAY,APR,11:03,AM,2,1,39.663552,-86.196352,2,45,FAILURETOYIELDRIGHTOFWAY,
322,902492845,M,['15-24Years' '25-34Years'],57,2015.08.02,SUNDAY,AUG,3:50,AM,0,2,40.13533195,-85.86291684,1,55,OVERCORRECTING/OVERSTEERING,
323,902485695,F,['45-54Years' '45-54Years'],97,2015.06.26,FRIDAY,JUN,10:32,PM,1,1,39.78087614,-86.14053964,3,55,SPEEDTOOFASTFORWEATHERCONDITIONS,
324,902432063,M,['25-34Years' '45-54Years'],97,2015.04.17,FRIDAY,APR,8:31,PM,1,1,39.7198271,-86.26433566,1,55,UNSAFESPEED,
325,902470354,M,['45-54Years' '45-54Years'],97,2015.06.16,TUESDAY,JUN,10:00,AM,1,1,39.86969598,-86.28205866,1,55,UNSAFELANEMOVEMENT,
326,902431028,M,['15-24Years' '25-34Years'],57,2015.04.19,SUNDAY,APR,3:36,AM,1,1,40.09629822,-85.89443206,1,45,OVERCORRECTING/OVERSTEERING,
327,902602718,F,['25-34Years' '75-84Years' '55-64Years' '65-74Years'],57,2015.12.27,SUNDAY,DEC,6:08,PM,2,1,40.043232,-86.071424,2,45,IMPROPERTURNING,
328,902493288,F,['45-54Years' '45-54Years' '45-54Years'],57,2015.08.01,SATURDAY,AUG,6:17,PM,1,1,39.99083037,-85.90814959,1,70,FOLLOWINGTOOCLOSELY,
329,902452582,M,['75-84Years'],97,2015.05.26,TUESDAY,MAY,2:50,PM,0,1,39.769696,-86.088688,3,35,DISREGARDSIGNAL/REGSIGN,
330,902634245,F,['35-44Years' '75-84Years'],97,2015.12.19,SATURDAY,DEC,3:21,PM,1,1,39.71718702,-86.25821384,1,55,OVERCORRECTING/OVERSTEERING,
331,902379139,F,['45-54Years' '45-54Years'],97,2015.01.17,SATURDAY,JAN,5:59,AM,0,2,39.74725748,-86.26444713,1,55,UNSAFESPEED,
332,902480225,F,['25-34Years' '35-44Years'],97,2015.07.11,SATURDAY,JUL,3:43,AM,1,1,39.69231496,-86.23856347,1,45,UNSAFESPEED,
333,902457023,M,['55-64Years' '25-34Years'],97,2015.06.01,MONDAY,JUN,6:20,PM,1,1,39.70162964,-86.11913942,1,55,OVERCORRECTING/OVERSTEERING,
334,902534770,F,['25-34Years'],57,2015.10.07,WEDNESDAY,OCT,9:56,PM,0,1,40.129728,-86.217536,1,35,FAILURETOYIELDRIGHTOFWAY,
335,902489979,F,['25-34Years' '25-34Years' '15-24Years'],97,2015.07.26,SUNDAY,JUL,1:39,AM,1,1,39.79392073,-86.27988741,1,40,FOLLOWINGTOOCLOSELY,
336,902378395,M,['25-34Years' '65-74Years'],97,2015.01.19,MONDAY,JAN,11:49,AM,1,1,39.663888,-86.172976,1,40,LEFTOFCENTER,
337,902599291,M,['55-64Years' '55-64Years' '35-44Years'],97,2015.12.24,THURSDAY,DEC,11:20,AM,1,1,39.709344,-86.063488,1,40,DISREGARDSIGNAL/REGSIGN,
338,902526047,M,['15-24Years' '15-24Years' '45-54Years'],97,2015.07.10,FRIDAY,JUL,9:30,PM,2,1,39.79408979,-86.07384011,1,30,DISREGARDSIGNAL/REGSIGN,
339,902605196,M,['55-64Years' '15-24Years'],97,2015.12.25,FRIDAY,DEC,12:36,AM,1,1,39.81648,-86.233984,2,35,UNSAFESPEED,
340,902583118,M,['45-54Years' '25-34Years' '25-34Years'],97,2015.12.05,SATURDAY,DEC,7:59,PM,2,1,39.70275991,-86.13933026,1,30,FAILURETOYIELDRIGHTOFWAY,
341,902448963,F,['45-54Years' '25-34Years'],97,2015.05.11,MONDAY,MAY,2:45,PM,1,1,39.800544,-85.99048,2,35,SPEEDTOOFASTFORWEATHERCONDITIONS,
342,902502908,M,['55-64Years' '45-54Years'],97,2015.08.19,WEDNESDAY,AUG,5:19,AM,0,1,39.742176,-86.22504,1,35,DISREGARDSIGNAL/REGSIGN,
343,902471114,F,['5-14Years' '15-24Years' '15-24Years' '35-44Years'],57,2015.06.27,SATURDAY,JUN,12:25,AM,2,2,40.09105104,-85.9719403,3,45,RANOFFROAD,
344,902605034,F,['55-64Years' '75-84Years' '15-24Years'],97,2015.12.06,SUNDAY,DEC,6:09,PM,2,1,39.7195103,-86.02476976,1,30,DRIVERILLNESS,
345,902424594,M,['15-24Years' '45-54Years'],97,2015.03.28,SATURDAY,MAR,7:13,PM,1,1,39.64380026,-86.08265787,1,30,RANOFFROAD,
346,902530370,M,['25-34Years' '15-24Years' '15-24Years' '15-24Years'],57,2015.09.26,SATURDAY,SEP,10:57,PM,3,1,40.016224,-85.938016,2,45,DISREGARDSIGNAL/REGSIGN,
347,902393361,F,['35-44Years' '75-84Years'],97,2015.02.10,TUESDAY,FEB,3:32,PM,1,1,39.65135902,-86.07113983,1,40,LEFTOFCENTER,
348,902382491,M,['15-24Years'],97,2015.01.16,FRIDAY,JAN,10:45,PM,1,1,39.76664,-86.143072,1,35,PEDESTRIANACTION,
349,902591012,M,['35-44Years'],97,2015.11.03,TUESDAY,NOV,5:39,AM,0,1,39.67295738,-86.158384,1,40,PEDESTRIANACTION,
350,902383941,F,['25-34Years'],97,2015.01.29,THURSDAY,JAN,1:08,PM,0,1,39.80266152,-86.00955918,2,55,OTHER(DRIVER),
351,902420071,M,['25-34Years'],97,2015.03.23,MONDAY,MAR,6:18,PM,1,1,39.90470365,-86.07865532,2,40,PEDESTRIANACTION,
352,902435907,M,['45-54Years'],97,2015.04.26,SUNDAY,APR,5:35,PM,0,1,39.71420471,-86.11579002,1,55,DRIVERILLNESS,
353,902484861,F,['15-24Years'],97,2015.07.12,SUNDAY,JUL,3:46,AM,0,1,39.80163108,-86.09084964,3,55,SPEEDTOOFASTFORWEATHERCONDITIONS,
354,902373057,M,['35-44Years'],97,2015.01.03,SATURDAY,JAN,3:00,AM,1,1,39.76957977,-86.09492386,3,35,PEDESTRIANACTION,
355,902393599,M,['55-64Years'],97,2015.02.06,FRIDAY,FEB,12:58,AM,0,1,39.76686001,-86.14564016,1,35,DRIVERILLNESS,
356,902458982,M,['45-54Years'],97,2015.04.22,WEDNESDAY,APR,3:27,AM,0,1,39.766928,-86.186544,3,35,LEFTOFCENTER,
357,902442675,M,['15-24Years'],97,2015.05.06,WEDNESDAY,MAY,10:45,PM,0,1,39.69475269,-86.19189579,1,55,UNSAFELANEMOVEMENT,
358,902446823,M,['25-34Years'],97,2015.05.10,SUNDAY,MAY,10:43,PM,0,1,39.83739569,-86.02499156,2,40,UNSAFESPEED,
359,902530551,M,['15-24Years'],97,2015.09.27,SUNDAY,SEP,6:05,PM,0,1,39.826057,-86.074577,1,15,OTHER(DRIVER),
360,902401311,M,['15-24Years'],97,2015.02.15,SUNDAY,FEB,2:32,AM,1,1,39.76465247,-86.2700413,1,45,PEDESTRIANACTION,
361,902432405,M,['25-34Years'],97,2015.04.18,SATURDAY,APR,11:49,PM,0,1,39.810464,-86.13408,1,35,PEDESTRIANACTION,
362,902535104,F,['35-44Years'],97,2015.10.03,SATURDAY,OCT,2:33,AM,0,1,39.69547972,-86.04058378,3,40,RANOFFROAD,
363,902473767,M,['35-44Years'],97,2015.06.28,SUNDAY,JUN,11:15,PM,0,1,39.77387566,-86.24154992,1,40,PEDESTRIANACTION,
364,902473709,M,['55-64Years'],97,2015.07.01,WEDNESDAY,JUL,2:34,PM,0,1,39.771888,-86.045168,2,25,OVERCORRECTING/OVERSTEERING,
365,902554573,M,['35-44Years'],97,2015.10.30,FRIDAY,OCT,11:01,PM,0,1,39.81466033,-86.06460995,1,40,PEDESTRIANACTION,
366,902449305,M,['15-24Years'],97,2015.05.20,WEDNESDAY,MAY,6:39,AM,nan,1,39.737552,-86.13757498,2,40,PEDESTRIANACTION,
367,902426394,M,['45-54Years'],97,2015.04.05,SUNDAY,APR,2:30,AM,0,1,39.77090566,-86.15067534,1,30,PEDESTRIANACTION,
368,902444097,F,['>=85Years'],97,2015.05.10,SUNDAY,MAY,11:51,AM,0,1,39.65057015,-86.10154298,2,40,RANOFFROAD,
369,902576594,M,['25-34Years'],97,2015.12.01,TUESDAY,DEC,10:18,PM,0,1,39.65057015,-86.10155745,1,40,RANOFFROAD,
370,902410549,M,['45-54Years'],97,2015.03.05,THURSDAY,MAR,5:35,AM,0,1,39.75588977,-86.05452015,1,40,PEDESTRIANACTION,
371,902475508,M,['55-64Years'],97,2015.07.02,THURSDAY,JUL,10:10,PM,0,1,39.75209373,-86.13469344,1,35,PEDESTRIANACTION,
372,902434134,F,['65-74Years'],97,2015.04.15,WEDNESDAY,APR,5:09,PM,0,1,39.91982974,-86.14589456,1,25,PEDESTRIANACTION,
373,902591641,M,['25-34Years'],97,2015.11.08,SUNDAY,NOV,3:30,AM,0,1,39.71592,-86.11208,1,30,OTHER(DRIVER),
374,902527476,F,['45-54Years'],97,2015.09.24,THURSDAY,SEP,8:18,PM,0,1,39.76544,-86.162032,1,25,PEDESTRIANACTION,
375,902452805,F,['65-74Years'],57,2015.05.27,WEDNESDAY,MAY,1:25,PM,0,1,39.98058982,-85.8769327,2,25,UNSAFEBACKING,
